{"cameraMode":{"drawMode":0,"name":"Shaded","section":"Shading Mode"},"sceneLighting":true,"audioPlay":false,"sceneViewState":{"m_AlwaysRefresh":false,"showFog":true,"showSkybox":true,"showFlares":true,"showImageEffects":true,"showParticleSystems":true,"showVisualEffectGraphs":true,"m_FxEnabled":true},"in2DMode":false,"pivot":{"x":0.15483856201171876,"y":-2.622232437133789,"z":0.8720216751098633},"rotation":{"x":-0.5570788383483887,"y":0.08361978828907013,"z":-0.056511614471673968,"w":-0.8243052959442139},"size":14.860950469970704,"orthographic":false}