{"cameraMode":{"drawMode":0,"name":"Shaded","section":"Shading Mode"},"sceneLighting":true,"audioPlay":false,"sceneViewState":{"m_AlwaysRefresh":false,"showFog":true,"showSkybox":true,"showFlares":true,"showImageEffects":true,"showParticleSystems":true,"showVisualEffectGraphs":true,"m_FxEnabled":true},"in2DMode":false,"pivot":{"x":503.8122863769531,"y":272.68603515625,"z":186.196533203125},"rotation":{"x":-0.018307959660887719,"y":-0.005087554454803467,"z":0.00009489410149399191,"w":-0.9998265504837036},"size":376.0636901855469,"orthographic":false}