{"cameraMode":{"drawMode":0,"name":"Shaded","section":"Shading Mode"},"sceneLighting":true,"audioPlay":false,"sceneViewState":{"m_AlwaysRefresh":false,"showFog":true,"showSkybox":true,"showFlares":true,"showImageEffects":true,"showParticleSystems":true,"showVisualEffectGraphs":true,"m_FxEnabled":true},"in2DMode":false,"pivot":{"x":-0.2063826024532318,"y":-1.8346004486083985,"z":2.8856000900268556},"rotation":{"x":-0.5474474430084229,"y":0.0004994943155907095,"z":-0.00032677254057489336,"w":-0.8368411660194397},"size":13.518294334411621,"orthographic":false}