{"cameraMode":{"drawMode":0,"name":"Shaded","section":"Shading Mode"},"sceneLighting":false,"audioPlay":false,"sceneViewState":{"m_AlwaysRefresh":false,"showFog":true,"showSkybox":false,"showFlares":true,"showImageEffects":true,"showParticleSystems":true,"showVisualEffectGraphs":true,"m_FxEnabled":true},"in2DMode":false,"pivot":{"x":0.2007528394460678,"y":0.6335564851760864,"z":4.674588203430176},"rotation":{"x":-0.06325536966323853,"y":-0.29716169834136965,"z":0.01973365619778633,"w":-0.9525284767150879},"size":1.4660253524780274,"orthographic":false}